{
    "table_data_info": [
        {
            "id": 1,
            "table_id": 2,
            "table_col_id": "1",
            "column_name": "name",
            "column_data": "Lalchan",
            "table_ref_id": 174110343613193838,
            "tab_rel_id": "",
            "user_id": "",
            "vflag": "",
            "date": "2025-03-04"
        },
        {
            "id": 2,
            "table_id": 2,
            "table_col_id": "2",
            "column_name": "email",
            "column_data": "lalchan@gmail.com",
            "table_ref_id": 174110343613193838,
            "tab_rel_id": "",
            "user_id": "",
            "vflag": "",
            "date": "2025-03-04"
        },
        {
            "id": 3,
            "table_id": 2,
            "table_col_id": "3",
            "column_name": "password",
            "column_data": "lalchan",
            "table_ref_id": 174110343613193838,
            "tab_rel_id": "",
            "user_id": "",
            "vflag": "",
            "date": "2025-03-04"
        },
        {
            "id": 4,
            "table_id": 2,
            "table_col_id": "4",
            "column_name": "phone",
            "column_data": "019288838282",
            "table_ref_id": 174110343613193838,
            "tab_rel_id": "",
            "user_id": "",
            "vflag": "",
            "date": "2025-03-04"
        },
        {
            "id": 5,
            "table_id": 2,
            "table_col_id": "1",
            "column_name": "name",
            "column_data": "Mohammad Pervez",
            "table_ref_id": 174110364791010188,
            "tab_rel_id": "",
            "user_id": "",
            "vflag": "",
            "date": "2025-03-04"
        },
        {
            "id": 6,
            "table_id": 2,
            "table_col_id": "2",
            "column_name": "email",
            "column_data": "pervez.cto@gmail.com",
            "table_ref_id": 174110364791010188,
            "tab_rel_id": "",
            "user_id": "",
            "vflag": "",
            "date": "2025-03-04"
        },
        {
            "id": 7,
            "table_id": 2,
            "table_col_id": "3",
            "column_name": "password",
            "column_data": "pervez",
            "table_ref_id": 174110364791010188,
            "tab_rel_id": "",
            "user_id": "",
            "vflag": "",
            "date": "2025-03-04"
        },
        {
            "id": 8,
            "table_id": 2,
            "table_col_id": "4",
            "column_name": "phone",
            "column_data": "019182828828282",
            "table_ref_id": 174110364791010188,
            "tab_rel_id": "",
            "user_id": "",
            "vflag": "",
            "date": "2025-03-04"
        }
    ]
}